experiment,cfg,method,nfe,fid,samples,order,retrained
sit,0.0,dpmpp,5,126.98576318520782,10000,2,False
sit,0.0,unipc,5,115.18710168026905,10000,2,False
sit,0.0,rbf,5,107.08582034490848,10000,2,False
sit,0.0,dpmpp,6,115.132556566897,10000,2,False
sit,0.0,unipc,6,105.06579980321646,10000,2,False
sit,0.0,rbf,6,103.48928057712658,10000,2,True
sit,0.0,dpmpp,8,105.26606793387828,10000,2,False
sit,0.0,unipc,8,98.97300414216528,10000,2,False
sit,0.0,rbf,8,95.3724789669784,10000,2,False
sit,0.0,dpmpp,10,101.63747746797986,10000,2,False
sit,0.0,unipc,10,95.97533585807747,10000,2,False
sit,0.0,rbf,10,92.01506718672147,10000,2,False
sit,0.0,dpmpp,12,99.31402440439308,10000,2,False
sit,0.0,unipc,12,94.05744297153797,10000,2,False
sit,0.0,rbf,12,90.1728437681981,10000,2,False
sit,0.0,dpmpp,15,96.62243516922399,10000,2,False
sit,0.0,unipc,15,92.09222313653004,10000,2,False
sit,0.0,rbf,15,88.94259882023505,10000,2,False
sit,0.0,dpmpp,20,94.08751768694486,10000,2,False
sit,0.0,unipc,20,90.61309976096453,10000,2,False
sit,0.0,rbf,20,87.97580358457276,10000,2,False
sit,0.0,dpmpp,25,92.5954279938627,10000,2,False
sit,0.0,unipc,25,89.79967493526624,10000,2,False
sit,0.0,rbf,25,87.42760698559619,10000,2,False
sit,0.0,dpmpp,30,91.8241574473198,10000,2,False
sit,0.0,unipc,30,89.30027937389991,10000,2,False
sit,0.0,rbf,30,87.17952851086716,10000,2,False
sit,0.0,dpmpp,35,91.21564090386738,10000,2,False
sit,0.0,unipc,35,88.97549388413034,10000,2,False
sit,0.0,rbf,35,87.13696090813772,10000,2,False
sit,0.0,dpmpp,40,90.80551521386207,10000,2,False
sit,0.0,unipc,40,88.76131675123895,10000,2,False
sit,0.0,rbf,40,87.20923743385174,10000,2,False
sit,1.5,dpmpp,5,50.1972709432398,10000,2,False
sit,1.5,unipc,5,40.22062317133509,10000,2,False
sit,1.5,rbf,5,36.91757921523384,10000,2,False
sit,1.5,dpmpp,6,40.322176143611046,10000,2,False
sit,1.5,unipc,6,34.82791701317632,10000,2,False
sit,1.5,rbf,6,34.12077789973853,10000,2,False
sit,1.5,dpmpp,8,34.837484912480875,10000,2,False
sit,1.5,unipc,8,32.56811886621051,10000,2,False
sit,1.5,rbf,8,31.526721390844443,10000,2,False
sit,1.5,dpmpp,10,33.53730732263688,10000,2,False
sit,1.5,unipc,10,31.948200652939022,10000,2,False
sit,1.5,rbf,10,30.63317071255335,10000,2,False
sit,3.5,dpmpp,5,18.589298797281458,10000,2,False
sit,3.5,unipc,5,16.299872303152824,10000,2,False
sit,3.5,rbf,5,15.551458457463184,10000,2,False
sit,3.5,dpmpp,6,15.90280192521584,10000,2,False
sit,3.5,unipc,6,14.972495040773708,10000,2,False
sit,3.5,rbf,6,14.486750211934975,10000,2,False
sit,3.5,dpmpp,8,14.421012106459557,10000,2,False
sit,3.5,unipc,8,14.075180823867186,10000,2,False
sit,3.5,rbf,8,13.814661893085031,10000,2,False
sit,3.5,dpmpp,10,13.829408181198005,10000,2,False
sit,3.5,unipc,10,13.592952209511452,10000,2,False
sit,3.5,rbf,10,13.54869080380496,10000,2,False
sit,5.5,dpmpp,5,19.644237603933277,10000,2,False
sit,5.5,unipc,5,18.210142984954302,10000,2,False
sit,5.5,rbf,5,17.28869335578861,10000,2,False
sit,5.5,dpmpp,6,18.11820073271963,10000,2,False
sit,5.5,unipc,6,17.492050325868377,10000,2,False
sit,5.5,rbf,6,16.40597167833124,10000,2,False
sit,5.5,dpmpp,8,17.282332572418113,10000,2,False
sit,5.5,unipc,8,17.014722174778683,10000,2,False
sit,5.5,rbf,8,16.566961008771727,10000,2,False
sit,5.5,dpmpp,10,17.00110807752867,10000,2,False
sit,5.5,unipc,10,16.82501011502086,10000,2,False
sit,5.5,rbf,10,16.600605462313695,10000,2,False
sit,7.5,dpmpp,5,24.42765656438138,10000,2,False
sit,7.5,unipc,5,22.0166818181944,10000,2,False
sit,7.5,rbf,5,21.004728754268967,10000,2,False
sit,7.5,dpmpp,6,21.64192145296647,10000,2,False
sit,7.5,unipc,6,19.986041984136932,10000,2,False
sit,7.5,rbf,6,19.1368105168861,10000,2,False
sit,7.5,dpmpp,8,19.866307648278166,10000,2,False
sit,7.5,unipc,8,19.21086139201384,10000,2,False
sit,7.5,rbf,8,18.683965545576257,10000,2,False
sit,7.5,dpmpp,10,19.526293827478924,10000,2,False
sit,7.5,unipc,10,19.151133551826092,10000,2,False
sit,7.5,rbf,10,18.83334717101286,10000,2,False
1rf,1.0,dpmpp,5,25.77506509970965,50000,3,False
1rf,1.0,unipc,5,21.56270957778736,50000,3,False
1rf,1.0,dpmpp,6,12.595664925435187,50000,3,False
1rf,1.0,unipc,6,10.427916167749117,50000,3,False
1rf,1.0,dpmpp,8,5.324183305571523,50000,3,False
1rf,1.0,unipc,8,4.876267965594138,50000,3,False
1rf,1.0,dpmpp,10,4.0924743904053,50000,3,False
1rf,1.0,unipc,10,3.9569600012325736,50000,3,False
1rf,1.0,dpmpp,12,3.4494866415142837,50000,3,False
1rf,1.0,unipc,12,3.4121182044756893,50000,3,False
1rf,1.0,dpmpp,15,3.05778108678777,50000,3,False
1rf,1.0,unipc,15,2.948581085214755,50000,3,False
1rf,1.0,dpmpp,20,2.8727423691202603,50000,3,False
1rf,1.0,unipc,20,2.8057316694974475,50000,3,False
1rf,1.0,dpmpp,25,2.809584048504803,50000,3,False
1rf,1.0,unipc,25,2.7716045677476018,50000,3,False
1rf,1.0,dpmpp,30,2.789466831740242,50000,3,False
1rf,1.0,unipc,30,2.7666302086681753,50000,3,False
1rf,1.0,dpmpp,35,2.7761184913396164,50000,3,False
1rf,1.0,unipc,35,2.76114753380665,50000,3,False
1rf,1.0,dpmpp,40,2.7758329368674595,50000,3,False
1rf,1.0,unipc,40,2.7643777515860393,50000,3,False
1rf,1.0,rbf,5,20.08669948249826,50000,3,False
1rf,1.0,rbf,6,13.119507381226754,50000,3,False
1rf,1.0,rbf,8,8.309902406558308,50000,3,False
1rf,1.0,rbf,10,5.78897582779598,50000,3,False
1rf,1.0,rbf,12,3.8469099107445004,50000,3,False
1rf,1.0,rbf,15,2.9716011777665017,50000,3,False
1rf,1.0,rbf,20,2.719711372472375,50000,3,False
1rf,1.0,rbf,25,2.671148489686175,50000,3,False
1rf,1.0,rbf,30,2.666144631117959,50000,3,False
1rf,1.0,rbf,35,2.668634209070433,50000,3,False
1rf,1.0,rbf,40,2.6761288320258245,50000,3,False
